{"cameraMode":{"drawMode":0,"name":"Shaded","section":"Shading Mode"},"sceneLighting":true,"audioPlay":false,"sceneViewState":{"m_AlwaysRefresh":false,"showFog":true,"showSkybox":true,"showFlares":true,"showImageEffects":true,"showParticleSystems":true,"showVisualEffectGraphs":true,"m_FxEnabled":true},"in2DMode":false,"pivot":{"x":-0.42581117153167727,"y":13.017391204833985,"z":199.38893127441407},"rotation":{"x":-0.22806739807128907,"y":0.049059949815273288,"z":-0.011469350196421147,"w":-0.9722879528999329},"size":0.8660253882408142,"orthographic":false}