{"cameraMode":{"drawMode":0,"name":"Shaded","section":"Shading Mode"},"sceneLighting":false,"audioPlay":false,"sceneViewState":{"showFog":true,"showMaterialUpdate":false,"showSkybox":false,"showFlares":true,"showImageEffects":true,"showParticleSystems":true},"in2DMode":false,"pivot":{"x":3.601996421813965,"y":-0.38172340393066409,"z":22.20516586303711},"rotation":{"x":0.13843435049057008,"y":-0.01634076237678528,"z":0.0022835854906588794,"w":0.9902401566505432},"size":9.709266662597657,"orthographic":false}