{"cameraMode":{"drawMode":0,"name":"Shaded","section":"Shading Mode"},"sceneLighting":false,"audioPlay":false,"sceneViewState":{"showFog":true,"showMaterialUpdate":false,"showSkybox":false,"showFlares":true,"showImageEffects":true,"showParticleSystems":true},"in2DMode":false,"pivot":{"x":3.0850000381469728,"y":1.0099999904632569,"z":692.2947998046875},"rotation":{"x":0.1839979887008667,"y":-0.3739384710788727,"z":0.07595601677894592,"w":0.9058393239974976},"size":10.533361434936524,"orthographic":false}